Title,Rating TripAvisdor,Voters TripAvisdor
LandShark Bar & Grill - Times Square,5.0,4
 Au Za'atar,4.5,282
 Club A Steakhouse,4.5,4176
 Piccola Cucina Estiatorio,4.5,216
 Boucherie Union Square,4.5,1064
 Mei Jin Ramen,4.5,175
Quality Bistro,4.5,30
 Piccola Cucina Osteria,4.5,2579
 Bleecker Street Pizza,4.5,1543
 Boucherie West Village,4.5,1122
 Loi Estiatorio,4.5,589
 Spice Symphony,4.5,2689
East Village Pizza,4.5,42
 SottoCasa Pizzeria,5.0,414
 Olio e Piu,4.5,2519
 Los Tacos No. 1,4.5,586
 K Rico Steakhouse,4.5,3411
 Bua Thai Ramen & Robata Grill,4.5,295
Maison Bangkok,3.5,6
 La Grande Boucherie,4.5,248
 Jungsik,4.5,275
 San Carlo Osteria Piemonte,4.5,712
 Spice Symphony,4.5,208
 Pure Thai Cookhouse,4.5,1478
 Bagels & Schmear,4.5,236
 Petite Boucherie,4.5,543
 Kuu Ramen,4.5,190
 Scalini Fedeli,4.5,436
 Obao Noodles & Bbq,4.5,393
ICHIRAN Times Square,4.5,59
 The Bar Room at The Modern,4.5,2093
 City Vineyard,4.5,406
 Daniel,4.5,3319
 Norma,4.5,236
 Song E Napule,4.5,382
Quality Italian,4.0,833
Margaritaville Restaurant- Times Square,3.5,12
 Numero 28 Pizzeria,4.5,1111
 Beyond Sushi,4.5,221
 Ora Di Pasta,4.5,237
 Bemelmans Bar,4.5,487
 Patsy's Italian Restaurant,4.5,4930
LandShark Bar & Grill - Times Square,5.0,4
 Royal 35 Steakhouse,4.5,544
 Gallaghers Steak House,4.5,5337
 B Side Pizzeria,4.5,510
 Tomino - Taberna Gallega,4.5,216
 Il Punto,4.5,1521
Piccola Cucina Osteria,4.5,2579
 Per Se,4.5,1840
 Obao,4.5,1148
 Thai Villa,4.5,182
 Eileen's Special Cheesecake,4.5,2078
 Buenos Aires,4.5,443
5 o'Clock Somewhere Bar,4.0,4
 Izakaya MEW,4.5,1063
 Le Bernardin,4.5,3481
 NY Pizza Suprema,4.5,1291
 Craft,4.5,986
 Johny's Luncheonette,4.5,404
Quality Bistro,4.5,30
 Ocean Prime,4.5,672
 Cull & Pistol,4.5,973
 L'Artusi,4.5,519
 Megan’s Bar & Kitchen,4.5,215
 Jacob Restaurant Soul Food & Salad Bar,4.5,189
Quality Italian,4.0,833
 Nerai,4.5,669
 The Musket Room,4.5,317
 Manhatta,4.5,324
 El Centro,4.5,856
 Rubirosa,4.5,1275
ICHIRAN Times Square,4.5,59
Piccola Cucina Osteria,4.5,2579
 Hummus Place Upper West Side,4.5,334
 Patzeria Family & Friends,4.5,3625
 Blue Ribbon Sushi,4.5,1030
 Flex Mussels,4.5,252
 Momofuku Ko,4.5,411
Margaritaville Restaurant- Times Square,3.5,12
 Amelie,4.5,445
 Via Della Pace,4.5,970
 Rafele,4.5,1239
 Dinosaur Bar-B-Que,4.5,1209
 San Matteo Pizza Espresso Bar,4.5,375
Quality Meats,4.5,2378
 IPPUDO WESTSIDE (Midtown),4.5,1302
 Her Name Is Han,4.5,286
 Gabriel Kreuther,4.5,736
 Momoya Chelsea,4.5,248
 Russ & Daughters Cafe,4.5,678
5 o'Clock Somewhere Bar,4.0,4
 John's Coffee Shop,4.5,223
 Feinstein's/54 Below,4.5,363
 IL Melograno,4.5,321
 Keste Pizza & Vino,4.5,1055
 Gramercy Tavern,4.5,3700
LandShark Bar & Grill - Times Square,5.0,4
 Tony's Di Napoli - Midtown,4.5,6337
 Momosan Ramen & Sake,4.5,581
 Indian Accent,4.5,552
 Pylos,4.5,402
 Little Owl,4.5,1248
Quality Bistro,4.5,30
 The Capital Grille,4.5,942
 Il Corso,4.5,977
 Up Thai,4.5,360
 Blue Ribbon Brasserie,4.5,381
 Whiskey Tavern,4.5,175
Maison Bangkok,3.5,6
Quality Meats,4.5,2378
 BG - Bergdorf Goodman,4.5,514
 Jacob's Pickles,4.5,965
 Russ & Daughters,4.5,1156
 Basso56,4.5,2251
 Keens Steakhouse,4.5,6663
Quality Bistro,4.5,30
 Dirt Candy,4.5,358
 Bengal Tiger Indian Food,4.5,529
 Black Iron Burger,4.5,913
 Sea Fire Grill,4.5,1105
 Pearl Oyster Bar,4.5,530
5 o'Clock Somewhere Bar,4.0,4
 Hatsuhana Sushi Restaurant,4.5,413
 Da Andrea Ristorante,4.5,341
 Aurora SoHo,4.5,390
 Bareburger - Hell's Kitchen,4.5,1488
 Baz Bagel and Restaurant,4.5,288
LandShark Bar & Grill - Times Square,5.0,4
 Flex Mussels,4.5,342
 Emporio,4.5,572
 Hangawi,4.5,633
 Market Table,4.5,454
 by CHLOE. - West Village,4.5,398
Piccola Cucina Osteria,4.5,2579
 Barn Joo 35,4.5,235
 Taim West Village,4.5,264
 Mermaid Oyster Bar,4.5,271
 Saigon Shack,4.5,273
 Tanner Smith's,4.5,454
Quality Italian,4.0,833
 La Lanterna di Vittorio,4.5,368
 Orso,4.5,472
 Ribalta Pizza,4.5,870
 Casellula,4.5,287
 Hillstone,4.5,650
Margaritaville Restaurant- Times Square,3.5,12
Quality Meats,4.5,2378
 Raclette,4.5,428
 Pure & Fresh,4.5,248
 Blue Dog Cookhouse & Bar,4.5,435
 Marea,4.5,2324
 Hakata Ippudo NY,4.5,615
Quality Bistro,4.5,30
 The Mean Fiddler,4.5,1132
 Blind Tiger Ale House,4.5,301
 Hell's Kitchen,4.5,386
 Burger & Lobster,4.5,1079
 Barney Greengrass,4.5,556
5 o'Clock Somewhere Bar,4.0,4
 Raoul's,4.5,401
 PizzArte,4.5,1351
 Gato,4.5,706
 Momofuku Noodle Bar,4.5,1455
 Blue Hill,4.5,699
Margaritaville Restaurant- Times Square,3.5,12
 Il Tinello Ristorante,4.5,378
 Land,4.5,332
 The Dead Rabbit,4.5,1344
 O'Hara's Restaurant & Pub,4.5,1412
 Prince Street Pizza,4.5,436
Famous Amadeus Pizza,4.0,44
 Ayza Wine & Chocolate Bar,4.5,562
 Monte's Trattoria,4.5,521
 PRINT.,4.5,977
 Times Square Diner & Grill,4.5,2300
 Mastro's Steakhouse,4.5,669
Quality Italian,4.0,833
 The Capital Grille,4.5,392
 Etcetera Etcetera,4.5,549
 Morton Williams - 57th St,4.5,284
 La Grenouille,4.5,910
 Da Marino Restaurant,4.5,2665
Piccola Cucina Osteria,4.5,2579
LandShark Bar & Grill - Times Square,5.0,4
 Trattoria Trecolori,4.5,2747
 Beecher's Handmade Cheese,4.5,280
 The Capital Grille,4.5,1353
 Cafe Mogador,4.5,558
 Forlini's Restaurant,4.5,743
Quality Bistro,4.5,30
 Il Gattopardo,4.5,747
 Peacefood Cafe,4.5,341
 STATE Grill and Bar,4.5,338
 Samba Kitchen,4.5,150
 John's of Bleecker Street,4.5,1803
Quality Meats,4.5,2378
 Fiat Cafe,4.5,365
 Masseria Dei Vini,4.5,592
 Uncle Paul's Pizza,4.5,811
 Andrew's Coffee Shop,4.5,2237
 Luzzo’s,4.5,333
Piccola Cucina Osteria,4.5,2579
 The Polo Bar,4.5,642
 Via Brasil Restaurant,4.5,473
 Benjamin Steakhouse Prime,4.5,289
 Black Tap,4.5,830
 Sean's Bar And Kitchen,4.5,418
Margaritaville Restaurant- Times Square,3.5,12
 Hourglass Tavern,4.5,515
 Pisticci,4.5,276
 Toscana 49,4.5,681
 The Bluebell Cafe,4.5,268
 Westway Diner,4.5,2293
5 o'Clock Somewhere Bar,4.0,4
 Margon,4.5,202
 Franchia Vegan Cafe,4.5,396
 Red Farm,4.5,663
 Crave Fishbar,4.5,443
 Delmonico's,4.5,1021
ICHIRAN Times Square,4.5,59
LandShark Bar & Grill - Times Square,5.0,4
 The MasalaWala,4.5,403
 Dudley's,4.5,284
 VIV Thai Restaurant and Bar,4.5,268
 Jean Georges,4.5,1957
 Trattoria Pesce Pasta,4.5,210
5 o'Clock Somewhere Bar,4.0,4
 Tamarind - Tribeca,4.5,736
 Taboon,4.5,403
 Bagel Express,4.5,214
 15 EAST @ Tocqueville,4.5,451
 Jimmy's Corner,4.5,510
Margaritaville Restaurant- Times Square,3.5,12
 Palma,4.5,436
 Via Carota,4.5,368
 Coppelia,4.5,395
 Sakagura,4.5,492
 Senza Gluten,4.5,466
Quality Italian,4.0,833
 Cookshop,4.5,1105
 Nomo Soho Restaurant,4.5,405
 Le CouCou Restaurant,4.5,527
 Victor's Cafe,4.5,1614
 Beyond Sushi,4.5,234
Piccola Cucina Osteria,4.5,2579
 Union Square Cafe,4.5,1357
 Sweet Chick,4.5,290
 Estiatorio Milos - Midtown New York,4.5,1555
 The Meatball Shop - Hell's Kitchen,4.5,1091
 Batard,4.5,334
Quality Bistro,4.5,30
 Veselka,4.5,1027
 Birdland,4.5,356
 Cuba,4.5,471
 Gotham Bar & Grill,4.5,1750
 Ivan Ramen,4.5,453
Quality Meats,4.5,2378
Quality Bistro,4.5,30
 Hillstone Midtown,4.5,456
 Excellent Dumpling House,4.5,712
 Boulud Sud,4.5,918
 The Landmark Tavern,4.5,372
 Red Farm,4.5,401
Famous Amadeus Pizza,4.0,44
 Rainbow Room,4.5,699
 Upland,4.5,630
 Decoy Bar,4.5,188
 Buddakan,4.5,5370
 Stage Door Deli,4.5,515
Piccola Cucina Osteria,4.5,2579
 The Perfect Pint,4.5,1306
 Gyu-Kaku Japanese BBQ,4.5,392
 Avra Madison Estiatorio,4.5,348
 Bubby's,4.5,1543
 Morimoto,4.5,1569
LandShark Bar & Grill - Times Square,5.0,4
 Faces and Names,4.5,303
 Aquavit,4.5,557
 The Standard Biergarten,4.0,438
 Bistro Les Amis,4.5,377
 New York Luncheonette,4.5,1122
Margaritaville Restaurant- Times Square,3.5,12
 Artichoke Basille's Pizza,4.5,712
 Joe's Pizza,4.5,462
 St. Cloud Rooftop,4.5,323
 Amma,4.5,430
 Capizzi,4.5,1752
ICHIRAN Times Square,4.5,59
 Mighty Quinn's Barbeque,4.5,663
 Osteria Morini,4.5,755
 Danji,4.5,503
 Hama Japanese Cuisine,4.5,182
 Carmine's Italian Restaurant - Times Square,4.5,12358
Quality Italian,4.0,833
ICHIRAN Times Square,4.5,59
 Eisenberg's Sandwich Shop,4.5,573
 The Marshal,4.5,305
 Morton's The Steakhouse,4.5,1173
 La Masseria,4.5,1926
 Robert,4.5,1646
Margaritaville Restaurant- Times Square,3.5,12
 Jack's Wife Freda,4.5,946
 Benjamin Steakhouse,4.5,2453
 Boqueria,4.5,641
 Bond Street,4.5,358
 Eleven Madison Park,4.5,2604
Quality Italian,4.0,833
 ABA Turkish Restaurant,4.5,302
 Naruto Ramen,4.5,194
 Burger & Lobster,4.5,410
 Nocello,4.5,415
 Il Brigante,4.5,407
LandShark Bar & Grill - Times Square,5.0,4
 5 Napkin Burger,4.5,4262
 Cafe Boulud,4.5,1198
 Adrienne's Pizzabar,4.5,859
 Shanghai 21,4.5,342
 Tommy Bahama Restaurant & Bar,4.5,493
Quality Bistro,4.5,30
 Marc Forgione,4.5,388
 Temple Court,4.5,276
 OCabanon,4.5,374
 Loring Place,4.5,162
 99 Cent Fresh Pizza,4.5,311
Piccola Cucina Osteria,4.5,2579
 Jongro BBQ,4.5,447
 The Top of The Standard,4.5,779
 Sadelle's,4.5,360
 Westville Chelsea,4.5,208
 BLT Steak,4.5,610
Quality Meats,4.5,2378
Famous Amadeus Pizza,4.0,44
 Tasty Hand Pulled Noodles,4.5,387
 Clinton St. Baking Company & Restaurant,4.5,1473
 Eataly NYC Flatiron,4.5,13135
 Atera,4.5,201
 Ruby's,4.5,341
LandShark Bar & Grill - Times Square,5.0,4
 Dutch Fred's,4.5,280
 The Perfect Pint,4.5,274
 FIG & OLIVE,4.0,1224
 Cafe Habana,4.5,760
 Murray Hill Diner,4.5,656
Quality Meats,4.5,2378
 Jackson Hole Burgers,4.5,624
 Urbanspace,4.5,412
 An’nam,4.5,289
 Momofuku Ssam Bar,4.5,671
 Match 65 Brasserie,4.5,423
Quality Italian,4.0,833
 Ed's Lobster Bar,4.5,757
 Bareburger - Murray Hill,4.5,402
 Two Hands,4.5,354
 The Paris Cafe,4.5,339
 Nick's,4.5,272
5 o'Clock Somewhere Bar,4.0,4
 West Side Steakhouse,4.5,1066
 Vezzo,4.5,1064
 Avra Estiatorio,4.5,1113
 Sant Ambroeus,4.5,465
 9 Ten Restaurant,4.5,273
Quality Bistro,4.5,30
 Totto Ramen,4.5,1128
 Del Frisco's Double Eagle Steakhouse,4.5,3358
 Armani Ristorante,4.5,350
 Le Parisien,4.5,315
 ilili Restaurant NYC,4.5,1180
Margaritaville Restaurant- Times Square,3.5,12
Quality Italian,4.0,833
 Scarpetta,4.5,881
 The Press Lounge,4.5,404
 Perry St,4.5,367
 Blue Ribbon Sushi Bar & Grill - Columbus Circle,4.5,360
 West Bank Cafe,4.5,364
Piccola Cucina Osteria,4.5,2579
 Red Bamboo,4.5,318
 Lillie's Victorian Establishment,4.5,1184
 Pepolino,4.5,673
 Rossini's Restaurant,4.5,473
 Ess-a-Bagel,4.5,1726
ICHIRAN Times Square,4.5,59
 Penelope,4.5,1239
 ABC Kitchen,4.5,1863
 44 & X,4.5,729
 Kung Fu Little Steamed Buns Ramen,4.5,432
 Sushi Yasuda,4.5,709
Famous Amadeus Pizza,4.0,44
 Westville Hudson,4.5,191
 2nd Avenue Deli,4.5,1191
 Boqueria,4.5,433
 Mozzarella&Vino,4.5,436
 Da Claudio Ristorante,4.5,212
Quality Bistro,4.5,30
 Sandwicherie,4.5,263
 Friedman's,4.5,1311
 Baccarat Hotel Bar,4.5,183
 Beauty & Essex,4.5,2228
 Emporium Brasil,4.5,399
Margaritaville Restaurant- Times Square,3.5,12
 Parker & Quinn,4.0,851
 The Egg Shop,4.5,303
 Pio Pio 6,4.5,410
 Anejo,4.5,372
 The Three Monkeys,4.5,661
LandShark Bar & Grill - Times Square,5.0,4
Piccola Cucina Osteria,4.5,2579
 Malibu Diner,4.5,532
 Churrascaria Plataforma,4.5,1492
 Harry's,4.5,361
 Toloache,4.5,2100
 Oceana Restaurant,4.5,1165
ICHIRAN Times Square,4.5,59
 Guantanamera,4.5,649
 Pret A Manger,4.5,453
 limani,4.5,406
 Paul's Da Burger Joint,4.5,267
 Foxy John's Bar & Kitchen,4.5,222
Quality Italian,4.0,833
 Mari Vanna,4.5,346
 Felice 15 Gold,4.5,281
 Comfort Diner,4.0,998
 Natsumi,4.5,878
 Trinity Place,4.5,371
Famous Amadeus Pizza,4.0,44
 Blue Smoke Battery Park City,4.5,575
 ABC Cocina,4.5,701
 Sushi Yasaka,4.5,277
 Bar SixtyFive,4.5,985
 Atoboy,4.5,100
LandShark Bar & Grill - Times Square,5.0,4
 Strip House,4.0,600
 2 Bros Pizza,4.5,240
 BXL Cafe,4.5,450
 Pret A Manger,4.5,840
 Gaonnuri,4.5,590
Margaritaville Restaurant- Times Square,3.5,12
 Don Antonio,4.5,2179
 Nobu Downtown,4.5,1539
 P.J. Clarke's,4.0,1674
 Marta,4.0,822
 Tacombi - Nolita,4.5,565
Quality Bistro,4.5,30
5 o'Clock Somewhere Bar,4.0,4
 Nirvana,4.0,352
 Manhattan Diner,4.0,542
 Ipanema Restaurant,4.5,682
 ViceVersa,4.0,457
 Katz's Deli,4.0,17487
LandShark Bar & Grill - Times Square,5.0,4
 Cafe Luxembourg,4.0,607
 Il Mulino New York,4.5,523
 Spyglass,4.5,345
 Le Rivage,4.5,849
 FIG & OLIVE,4.0,1409
Piccola Cucina Osteria,4.5,2579
 Bus Stop,4.5,238
 Pio Pio 8,4.5,572
 The Counter,4.5,1641
 Mustang Harry's,4.0,426
 Ai Fiori,4.5,1036
Quality Italian,4.0,833
 The Mermaid Inn,4.5,357
 Don Giovanni,4.0,742
 Trattoria Dell'Arte,4.0,1899
 Lincoln Ristorante,4.5,590
 Pepe Giallo,4.5,256
Quality Bistro,4.5,30
 Coppola's Pizzeria Restaurant,4.5,441
 Black Tap,4.0,717
 Knickerbocker Bar & Grill,4.0,462
 Cock & Bull,4.5,440
 Buvette Gastrotheque,4.5,949
ICHIRAN Times Square,4.5,59
 Bocca di Bacco,4.0,584
 Molyvos,4.5,1087
 Estela,4.5,386
 Tavola,4.0,920
 Bathtub Gin,4.5,393
Margaritaville Restaurant- Times Square,3.5,12
LandShark Bar & Grill - Times Square,5.0,4
 Felidia,4.5,823
 Prune,4.5,459
 Glass House Tavern,4.0,828
 Porter House,4.0,1041
 230 Fifth,4.0,3972
ICHIRAN Times Square,4.5,59
 Fogo de Chao Brazilian Steakhouse,4.5,1109
 Champion Pizza,4.5,114
 Luigi's Gourmet Pizza,4.5,241
 Arturo's,4.5,350
 The Leopard at des Artistes,4.5,300
Piccola Cucina Osteria,4.5,2579
 Zuma,4.0,786
 Benito One,4.5,1440
 Pi Greek Bakerie,4.5,143
 O'Reilly's Bar & Kitchen,4.5,372
 Pongsri Thai Restaurant,4.0,739
Margaritaville Restaurant- Times Square,3.5,12
 Balthazar,4.5,6387
 Carragher's Pub & Restaurant,4.5,519
 The Smith,4.0,427
 Jackson Hole Burgers,4.5,829
 Red Rooster,4.0,2547
5 o'Clock Somewhere Bar,4.0,4
 Park Avenue Tavern,4.0,514
 Zero Otto Nove,4.5,264
 Brazil Brazil,4.0,768
 Ruth's Chris Steak House,4.5,1515
 Dim Sum Palace,4.0,319
Quality Bistro,4.5,30
 Carmine's Italian Restaurant - Upper West Side,4.5,1883
 The Palm - Palm West,4.5,657
 Calle Ocho,4.0,464
 Joe Allen,4.0,1046
 Pazza Notte,4.0,1114
Quality Italian,4.0,833
Piccola Cucina Osteria,4.5,2579
 Refinery Rooftop,4.0,794
 The Skylark,4.5,359
 Niles Bar & Restaurant,4.0,667
 Loeb Boathouse Central Park,4.0,3806
 Main Noodle House,4.0,319
Quality Meats,4.5,2378
 Dolly Varden,4.0,316
 The Keg Room,4.0,823
 O'Lunney's,4.0,975
 Jane Restaurant,4.0,452
 Employees Only,4.5,419
ICHIRAN Times Square,4.5,59
 Barbuto,4.5,575
 Connolly's Pub & Restaurant,4.0,1641
 The Smith,4.0,1765
 Tony's Di Napoli,4.0,597
 R Lounge at Two Times Square,4.0,578
LandShark Bar & Grill - Times Square,5.0,4
 The Rum House,4.0,561
 Koi,4.0,832
 Zabar's,4.5,522
 aldea,4.5,334
 Lafayette Grand Cafe and Bakery,4.0,586
Quality Bistro,4.5,30
 Havana NY,4.5,266
 Margherita NYC,4.5,280
 Beyond Sushi,4.5,89
 Minetta Tavern,4.0,1145
 La Pulperia,4.5,265
Margaritaville Restaurant- Times Square,3.5,12
 Cipriani Wall St,4.0,454
 The Smith,4.0,876
 Azalea Ristorante,4.5,826
 Sparks Steak House,4.0,1433
 Metro Diner,4.0,481
Quality Italian,4.0,833
Quality Bistro,4.5,30
" Jams, 6th Avenue, New York, NY, USA",4.0,523
 Cafe Cluny,4.0,367
 Rosemary's,4.0,664
 Freemans Restaurant,4.0,690
 Fraunces Tavern,4.0,1476
5 o'Clock Somewhere Bar,4.0,4
 Friedman's Lunch,4.5,498
 Fred's,4.0,347
 Antique Garage,4.0,431
 Nobu Fifty Seven,4.5,1846
 Untitled at the Whitney,4.0,445
LandShark Bar & Grill - Times Square,5.0,4
 P.S. Kitchen,4.5,179
 Ear Inn,4.5,217
 La Esquina - SoHo,4.5,1191
 Pershing Square Restaurant,4.0,2541
 Eataly Downtown,4.0,1658
Piccola Cucina Osteria,4.5,2579
 Quality Meats,4.5,2378
 Smoke Jazz Club,4.0,546
 The Harold,4.0,850
 Bea,4.0,348
 The Odeon,4.0,505
 Pret A Manger,4.5,390
 Sarge’s Delicatessen & Diner,4.0,869
 Casa Mono,4.0,525
 The Smith,4.0,1170
 Hunt & Fish Club,4.0,359
Quality Italian,4.0,833
 Souvlaki GR Midtown,4.0,368
 Aureole at Home,4.0,1160
 DB Bistro Moderne,4.0,1428
 Non Solo Piada,5.0,88
 Salumeria Rosi,4.0,387
Margaritaville Restaurant- Times Square,3.5,12
Margaritaville Restaurant- Times Square,3.5,12
 Friedmans,4.0,384
 Cielo at the Mayfair,4.0,297
 Aretsky's Patroon,4.5,188
 Risotteria Melotti NYC,4.5,186
 Pret A Manger,4.5,255
Famous Amadeus Pizza,4.0,44
 Park Avenue Autumn/Winter/Spring/Summer,4.0,561
 George's Restaurant,4.0,889
 Calle Dao Bryant Park,4.5,180
 Monkey Bar,4.0,567
 Bareburger - The Village,4.5,256
Quality Bistro,4.5,30
 Bistro Milano,4.0,629
 Kung Fu Kitchen,4.5,189
" One if by Land, Two if by Sea",4.0,808
 TAO Downtown Restaurant,4.5,1521
 Nougatine at Jean Georges,4.0,1080
Piccola Cucina Osteria,4.5,2579
 Sapori D'Italia,4.5,199
 Caffe Palermo,4.0,560
 Il Cortile Restaurant,4.0,888
 Pappardella,4.0,476
 5 Napkin Burger,4.0,398
ICHIRAN Times Square,4.5,59
 5 Napkin Burger,4.0,735
 El Vez and Burrito Bar,4.0,338
 The Irish American Pub,4.0,321
 Chez Josephine,4.5,980
 Crompton Ale House,4.5,197
LandShark Bar & Grill - Times Square,5.0,4
 Don's Bogam BBQ & Wine Bar,4.5,200
 Jack Doyle's,4.0,355
 Fabio Cucina Italiana,4.5,245
 The Milling Room,4.5,240
 12 Chairs,4.5,245
Quality Italian,4.0,833
5 o'Clock Somewhere Bar,4.0,4
 Pret A Manger,4.0,279
 Bobby Van's Steakhouse - 50th Street,4.0,674
 L'Atelier De Joel Robuchon,4.5,100
 Wo Hop,4.0,1080
 Big Daddy's,4.0,570
Quality Meats,4.5,2378
 The Crooked Knife,4.0,289
 Tessa,4.5,308
 Trading Post,4.5,204
 Cowgirl Seahorse,4.5,251
 Casa Nonna,4.0,672
ICHIRAN Times Square,4.5,59
 Balaboosta,4.5,278
 Empire Steak House,4.5,309
 Uva,4.0,475
 Morning Star Cafe,4.0,417
 O'Donoghue's Pub and Restaurant,4.0,809
Margaritaville Restaurant- Times Square,3.5,12
 Havana Central Restaurant & Rum Bar,4.0,1905
 Pete's Tavern,4.0,435
 Fresco by Scotto,4.0,500
 Pastrami Queen,4.0,447
 Gigino Wagner Park,4.0,398
Famous Amadeus Pizza,4.0,44
 Lupa Osteria Romana,4.0,975
 Cafe China,4.0,566
 Bagatelle,4.0,537
 Osteria al Doge,4.0,1383
 Ariana Afghan Kabab Restaurant,4.5,176
Piccola Cucina Osteria,4.5,2579
 Lattanzi Ristorante,4.0,791
 Almond,4.0,296
 Pret A Manger,4.5,217
 Vaucluse,4.5,287
 Casa Lever,4.0,294
LandShark Bar & Grill - Times Square,5.0,4
Margaritaville Restaurant- Times Square,3.5,12
 Wolfgang's Steakhouse,4.0,1192
 Gelso & Grand,4.0,901
 Lure Fishbar,4.0,645
 Nizza,4.0,1013
 Cafe Sabarsky,4.0,682
 Max Brenner NYC,4.0,2043
 The Grey Dog (Union Square),4.5,193
 Quality Italian,4.0,833
 Il Buco,4.0,528
 Le District,4.0,512
LandShark Bar & Grill - Times Square,5.0,4
 Amy Ruth's Home Style Southern Cuisine,4.0,905
 Cafe Cranberry,4.0,701
 The Long Room,4.0,484
 Motorino,4.5,284
 Delicatessen,4.0,556
Famous Amadeus Pizza,4.0,44
 Joseph Leonard,4.5,206
 Rocco Steakhouse,4.5,209
 Mudspot,4.5,134
 McHale's Bar & Grill,4.0,486
 Fanelli Cafe,4.0,352
Piccola Cucina Osteria,4.5,2579
 Mercato,4.0,1007
 Nix,4.5,227
 STK Midtown,4.0,884
 Ceci Italian Restaurant & Bar,4.0,648
 Gotham Pizza,4.0,269
Maison Bangkok,3.5,6
 The Stagecoach Tavern,4.0,458
 Upstate,4.5,143
 West End Bar & Grill,4.0,373
 Amarone NY,4.0,1052
 Hill Country Barbecue Market,4.0,1079
5 o'Clock Somewhere Bar,4.0,4
ICHIRAN Times Square,4.5,59
 Cafe d'Alsace,4.0,363
 Kiss My Slice,4.5,117
 Virgil's Real BBQ - Times Square,4.0,4593
 Saxon and Parole,4.5,312
 Le Relais de Venise L'Entrecote Midtown East,4.0,802
Quality Italian,4.0,833
 Villa Berulia Restaurant,4.5,177
 O'Brien's Irish Pub & Restaurant,4.0,579
 Gigino Trattoria,4.5,249
 Maialino Resturant,4.0,923
 Angelo's Pizza,4.0,1782
Quality Bistro,4.5,30
 Tout Va Bien,4.0,475
 Kashkaval Garden,4.5,144
 Merchants River House,4.0,364
 Sticky Rice,4.5,119
 Artichoke Basille's Pizza,4.0,518
Quality Meats,4.5,2378
 La Bonne Soupe,4.0,1006
 The Grand Tier,4.5,346
 Maison Pickle,4.5,192
 The Clocktower,4.0,355
 Circo,4.0,521
Piccola Cucina Osteria,4.5,2579
 The Malt House,4.0,260
 Strip House,4.0,679
 Tribeca Grill,4.0,1201
 Yum Yum Too,4.0,443
 Locanda Verde,4.0,1196
Famous Amadeus Pizza,4.0,44
 Tavern on the Green,4.0,3350
 Rosa Mexicano,4.0,466
 Ted's Montana Grill,4.0,739
 John's of Times Square,4.0,6065
 Hurley's Saloon,4.0,698
LandShark Bar & Grill - Times Square,5.0,4
Piccola Cucina Osteria,4.5,2579
 Giorgio's of Gramercy,4.5,261
 Barbounia,4.0,395
 Broome Street Bar,4.0,313
 Bistango at the Kimberly Hotel,4.5,232
 Le Colonial,4.0,377
Quality Bistro,4.5,30
 Ritz Diner,4.0,418
 Industry Kitchen,4.0,416
 Chai Thai Kitchen,4.0,345
 Le Pain Quotidien,4.0,754
 La Contenta,4.5,88
LandShark Bar & Grill - Times Square,5.0,4
 COTE Korean Steakhouse,4.5,191
 Cafe Fiorello,4.0,1374
 Tony's Di Napoli,4.5,153
 Morandi,4.0,560
 At Nine Restaurant & Bar,4.5,132
ICHIRAN Times Square,4.5,59
 Ellen's Stardust Diner,4.0,21902
 Mighty Quinn's Barbeque,4.5,177
 La Gioconda,4.5,146
 Emilio's Ballato,4.5,335
 Nino's 46,4.0,368
Margaritaville Restaurant- Times Square,3.5,12
 Tappo,4.0,262
 Good Enough to Eat,4.0,779
 Marseille,4.0,1184
 Baekjeong NYC,4.5,257
 Haru Sushi,4.0,766
Quality Meats,4.5,2378
 Brendan's Bar & Grill,4.0,895
 Del Frisco's Grille,4.0,940
 Roxy Bar,4.5,148
 Piacere,4.5,359
 Vandal,4.0,454
Famous Amadeus Pizza,4.0,44
Quality Italian,4.0,833
" Tir na Nog, 31st St",4.5,282
 Jajaja,5.0,74
 North Square Restaurant & Lounge,4.5,248
 Ovest Pizzoteca,4.5,172
 Benoit New York,4.0,935
Quality Bistro,4.5,30
 The Standard Grill,4.0,1800
 Atlantic Grill,4.0,518
 Zoob Zib Thai Authentic Noodle Bar,4.5,219
 Quantum Leap Natural Food,4.5,165
 Ravagh Persian Grill,4.5,216
LandShark Bar & Grill - Times Square,5.0,4
 Le Gigot,4.5,176
 Route 66 Cafe,4.0,387
 Cellini,4.0,425
 Connolly's Pub & Restaurant,4.5,176
 Galaxy Diner,4.0,477
5 o'Clock Somewhere Bar,4.0,4
 Cho Dang Gol,4.0,319
 Joe's Shanghai,4.0,1885
 Sylvia's Restaurant,4.0,2071
 Osteria Laguna Restaurant,4.0,761
 Sarabeth's East,4.0,586
Piccola Cucina Osteria,4.5,2579
 La Pecora Bianca,4.0,408
 Wasabi Sushi & Bento,4.0,622
 Chazz Palminteri Italian Restaurant,4.5,257
 Rosa Mexicano,4.0,1367
 Wolfgang's Steakhouse--Midtown 54th Street,4.0,408
ICHIRAN Times Square,4.5,59
 The Clam,4.5,169
 The Lambs Club,4.0,932
 Bill's Bar & Burger,4.0,3473
 Wagamama,4.0,247
 Topaz Thai Restaurant,4.0,714
Margaritaville Restaurant- Times Square,3.5,12
Margaritaville Restaurant- Times Square,3.5,12
 Mom's Kitchen & Bar,4.5,163
 Bread & Butter,4.5,160
 One World Observatory Restaurant,4.0,398
 New Wonjo Restaurant,4.0,458
 Nano Ecuadorian Kitchen,4.5,109
LandShark Bar & Grill - Times Square,5.0,4
 Bocado Wine Bar & Restaurant,4.0,207
 Maria Pia,4.0,738
 Please Don't Tell,4.0,481
 Pascalou,4.5,252
 Bluestone Lane,4.5,177
ICHIRAN Times Square,4.5,59
 Pokeworks,4.5,132
 Brooklyn Diner,4.0,2859
 Frankie & Johnnie's Steakhouse,4.0,353
 Kellari Taverna NY,4.0,907
 Yakitori Totto,4.5,310
Quality Bistro,4.5,30
 Le Bateau Ivre,4.5,295
 Maison Harlem,4.5,181
 Cafe Manhattan,4.5,175
 Beer Culture,4.5,193
 TAO Uptown,4.0,3663
Quality Meats,4.5,2378
 Banc Cafe,4.5,176
 The Butcher's Daughter,4.0,798
 Wollensky's Grill,4.0,312
 MEXiCUE,4.0,191
 Tonchin,4.5,79
Piccola Cucina Osteria,4.5,2579
 Le Botaniste,4.5,85
 Playwright Irish Pub,4.0,717
 Viand Cafe,4.0,811
 Shanghai Asian Cuisine,4.5,278
 Il Piccolo Bufalo,4.0,435
Maison Bangkok,3.5,6
Margaritaville Restaurant- Times Square,3.5,12
 The Red Flame Diner,4.0,2371
 Blue Fin,4.0,2012
 Zen Ramen & Sushi,4.5,156
 Premier Cafe,4.0,373
 Astro Restaurant,4.0,815
Quality Bistro,4.5,30
 Lido Harlem,4.5,217
 Meme Mediterranean,4.5,197
 The Consulate,4.5,77
 Fat Cat,4.5,200
 Judge Roy Bean Public House,4.5,156
Piccola Cucina Osteria,4.5,2579
 Obica Mozzarella Bar - Flatiron,4.0,280
 Clement at The Peninsula New York,4.5,231
 Greek Kitchen,4.0,281
 Ootoya,4.5,205
 Docks Oyster Bar,4.0,635
Quality Italian,4.0,833
 Scarlatto,4.0,872
 Sushi Nakazawa,4.5,286
 Paesano of Mulberry Street,4.0,770
 Bread & Tulips,4.0,254
 Elmo,4.0,306
LandShark Bar & Grill - Times Square,5.0,4
 Bond 45 Italian Kitchen & Bar,4.0,1476
 Mad Dog & Beans Mexican Cantina,4.0,304
 Aunt Jake's NYC,4.0,260
 Sen Sakana,4.5,161
 Hundred Acres,4.0,294
Quality Meats,4.5,2378
 The Dutch,4.0,849
 Pampano New York,4.0,340
 JG Melon,4.0,832
 Babbo Ristorante e Enoteca,4.0,1947
 Alta,4.0,448
5 o'Clock Somewhere Bar,4.0,4
Quality Bistro,4.5,30
 la bonbonniere,4.5,176
 Junoon Restaurant,4.0,730
 The Rag Trader,4.5,140
 il Buco Alimentari,4.0,433
 Friend of a Farmer,4.0,529
Famous Amadeus Pizza,4.0,44
 Skylight Diner,4.0,804
 Black Barn,4.0,242
 Ella Social,4.5,160
 Little Park,4.5,223
 Coppola's,4.5,172
Margaritaville Restaurant- Times Square,3.5,12
 Bubba Gump Shrimp Co.,4.0,13153
 Todd English at The Plaza,4.0,301
 Nom Wah Tea Parlor,4.0,940
 Gemma,4.0,450
 Cafe Gitane,4.0,344
Piccola Cucina Osteria,4.5,2579
 Serafina Time Hotel,4.0,558
 cafeteria,4.0,709
 Manzo,4.0,417
 Tiny's & The Bar Upstairs,4.0,268
 Sinigual,4.0,411
5 o'Clock Somewhere Bar,4.0,4
 Remedy Diner,4.0,272
 EJ's Luncheonette,4.0,257
 Peasant,4.0,373
 Brother Jimmy's BBQ,4.0,423
 La Mirabelle,4.5,208
Quality Meats,4.5,2378
 Asuka Japanese Fusion & Lounge,4.5,137
 Le Pain Quotidien,4.0,1100
 Empire Steak House,4.0,889
 Mary's Fish Camp,4.5,262
 Community Food & Juice,4.0,284
LandShark Bar & Grill - Times Square,5.0,4
Quality Italian,4.0,833
 Russian Vodka Room,4.5,184
 BXL Zoute,4.5,128
 Agern,4.5,211
 Dirty French,4.0,411
 Norma's,4.0,1497
Quality Bistro,4.5,30
 The Spotted Pig,4.0,2306
 Sarabeth's,4.0,733
 Wolfgang's Steakhouse - Tribeca,4.0,334
 Antoya BBQ,4.5,84
 Food Gallery 32,4.5,135
LandShark Bar & Grill - Times Square,5.0,4
 Valbella,4.5,245
 Le Coq Rico NYC,4.5,244
 Tender Restaurant,4.0,284
 Upstairs at the Kimberly,4.0,361
 Lips,4.0,331
Piccola Cucina Osteria,4.5,2579
 The Boil,4.5,207
 Paola's Restaurant,4.0,303
 Cacio e Pepe,4.5,182
 Lexington Candy Shop,4.0,285
 Bryant Park Grill,4.0,1785
Margaritaville Restaurant- Times Square,3.5,12
 Morning Star Restaurant,4.0,468
 Uncle Jack’s Steakhouse Westside,4.0,677
 Jack's Wife Freda,4.5,188
 Lexington Brass,4.0,819
 Beer Authority,4.0,833
5 o'Clock Somewhere Bar,4.0,4
 Omai,4.5,142
 Sacco Pizza,4.5,126
 Little Beet,4.5,181
 The Simone,4.5,111
 Little Italy Pizza,4.5,214
Famous Amadeus Pizza,4.0,44
Quality Meats,4.5,2378
 Redeye Grill,4.0,1153
 Wondee Siam I,4.5,163
 Sarabeth's,4.0,521
 Bar Boulud,4.0,916
 Nippori,4.5,190
Margaritaville Restaurant- Times Square,3.5,12
 Cafe Un Deux Trois,4.0,1648
 LA SIRENE,4.5,188
 Sarabeth's,4.0,3341
 Sardi's Restaurant,4.0,2053
 Sarabeth's,4.0,451
LandShark Bar & Grill - Times Square,5.0,4
 Great Northern Food,4.5,177
 Wolfgang's Steakhouse,4.0,1045
 Utsav Restaurant,4.0,608
 Pomodoro Rosso,4.0,348
 Bill's Bar & Burger,4.0,951
5 o'Clock Somewhere Bar,4.0,4
 Empire Diner,4.0,421
 Bann,4.0,276
 Europa Cafe,4.0,379
 Dalton's Bar & Grill,4.5,157
 Basta Pasta,4.5,283
ICHIRAN Times Square,4.5,59
 Arno Ristorante,4.0,406
 Dos Caminos,4.0,442
 King Cole Bar,4.5,267
 Turkish Kitchen,4.5,330
 Le Pain Quotidien,4.0,1128
Famous Amadeus Pizza,4.0,44
 Puglia Restaurant,4.0,481
 LAVO Italian Restaurant,4.0,950
 Caviar Russe,4.5,132
 Miss Lily's,4.0,285
 The Fat Radish,4.0,252
Quality Italian,4.0,833
Quality Bistro,4.5,30
 City Sandwich,4.5,116
 Nice Matin,4.0,929
 Stout,4.0,437
 Kings of Kobe,4.5,61
 Corner Bistro,4.0,1082
Margaritaville Restaurant- Times Square,3.5,12
 Cara Mia,4.0,537
 Ben's Kosher Delicatessen Restaurant & Caterers,4.0,935
 Tonic Times Square,4.0,210
 Aldo Sohm Wine Bar,4.5,151
 Stella 34 Trattoria,4.0,1053
ICHIRAN Times Square,4.5,59
 Rue 57,4.0,2513
 Foragers,4.5,198
 Claudette,4.0,216
 Hide-Chan Ramen Midtown East,4.0,182
 Baker & Co,4.5,148
Quality Meats,4.5,2378
 Becco,4.0,4269
 Skyline Gourmet Deli,4.5,110
 Cascade Cafe,4.5,157
 Chipotle Mexican Grill,4.0,271
 Hearth,4.0,290
LandShark Bar & Grill - Times Square,5.0,4
 Playwright Celtic Pub,4.0,943
 Dafni Greek Taverna,4.0,633
 Europa Cafe,4.0,608
 Dim Sum Go Go,4.0,431
 Little Beet Table,4.5,133
Famous Amadeus Pizza,4.0,44
 Don Angie,4.5,68
 L’amico,4.0,460
 Toloache Upper East Side,4.5,177
 Rosie O'Grady's,4.0,2220
 Sam's Place,4.0,295
Quality Italian,4.0,833
Piccola Cucina Osteria,4.5,2579
 The Dining Room,4.5,274
 Gyu-Kaku Japanese BBQ,4.0,234
 Trademark Taste + Grind,4.5,180
 Kiki’s,4.5,162
 Periyali,4.5,213
Quality Meats,4.5,2378
 Cosmic Diner,4.0,1036
 Tarallucci e Vino Union Square,4.0,211
 Shorty's,4.5,173
 Tia Pol,4.5,245
 P.J. Clarke's on the Hudson,4.0,476
Quality Bistro,4.5,30
 L'Adresse,4.0,199
 Supper Restaurant,4.0,241
 Miss Korea BBQ,4.0,613
" Grand Central Oyster Bar, Inc.",4.0,4943
 La Nonna Restaurant,4.0,540
5 o'Clock Somewhere Bar,4.0,4
 Oscar Wilde Restaurant & Bar,4.0,191
 Bodrum Mediterranean Restaurant,4.0,171
 Square Diner,4.0,214
 Uno Pizzeria & Grill,4.0,404
 La Mela Ristorante,4.0,863
LandShark Bar & Grill - Times Square,5.0,4
 Joe G's Restaurant Italiano,4.0,208
 Marcony,4.5,213
 Cherche Midi,4.0,224
 Smith & Wollensky,4.0,3294
 The Soho Grand Bar & Lounge,4.5,168
Margaritaville Restaurant- Times Square,3.5,12
 Butter Midtown,4.0,1039
 Il Posto Accanto,4.5,96
 Empellon Al Pastor @ Pod 39,4.0,260
 Briciola,4.5,267
 Fine and Rare,4.5,110
Quality Italian,4.0,833
Margaritaville Restaurant- Times Square,3.5,12
 Carbone,4.0,461
 Arriba Arriba Mexican Restaurant,4.0,349
 Numero 28 Pizzeria Napoletana,4.5,183
 Ponche Taqueria & Cantina,4.5,90
 Trattoria Italienne,4.5,66
LandShark Bar & Grill - Times Square,5.0,4
 Brasserie 1605 at the Crowne Plaza Times Square,4.0,386
 Il Corallo Trattoria,4.0,274
 Amsterdam Ale House,4.0,338
 St Tropez West Village,5.0,59
 Dos Caminos,4.0,758
Quality Meats,4.5,2378
 Jacob Restaurant,4.5,112
 Rancho Tequileria,4.0,169
 Bar Primi,4.0,215
 Epistrophy,4.0,195
 Le Grainne Cafe,4.0,238
5 o'Clock Somewhere Bar,4.0,4
 Cardoncello diVino,5.0,57
 KazuNori,4.5,77
 Emily - West Village,4.5,118
 The Grange Bar & Eatery,4.5,195
 Burger & Barrel,4.0,282
Maison Bangkok,3.5,6
 The Bread Factory Cafe,4.0,221
 Pera Mediterranean Brasserie,4.0,330
 Sushi of Gari 46,4.0,358
 Red Lobster,4.0,3626
 Porteno,4.5,172
Quality Italian,4.0,833
 Vic's,4.5,143
 Inatteso Pizzabar,4.5,226
 Fresh and Co.,4.5,207
 Storico,4.0,238
 John's of 12th Street,4.0,333
ICHIRAN Times Square,4.5,59
5 o'Clock Somewhere Bar,4.0,4
 The Jeffrey Craft Beer Bar and Bites,4.5,103
 Santina,4.0,479
 Freddie and Pepper's,4.5,192
 Naya Mezze & Grill,4.5,195
 Jubilee,4.5,248
Quality Bistro,4.5,30
 Harry Cipriani,4.0,633
 Melba's Restaurant,4.5,209
 Cosme,4.0,859
 Russian Samovar,4.0,323
 District Tap House,4.0,204
Piccola Cucina Osteria,4.5,2579
 Pig and Khao,4.5,170
 Iron Bar & Lounge,4.0,499
 Mercury Bar,4.5,158
 BCD Tofu House,4.0,236
 P.J. Clarke's,4.0,1181
Quality Italian,4.0,833
 Sergimmo Salumeria,4.5,139
 Serafina Fabulous Pizza 79th,4.0,356
 Malatesta Trattoria,4.5,238
 Treehaus,4.0,246
 MarkJoseph Steakhouse,4.5,210
Quality Meats,4.5,2378
 Pret A Manger,4.0,176
 Gaby Brasserie Francaise,4.0,328
 Apotheke,4.5,289
 Brooklyn Diner,4.0,2118
 The Bar Room,4.5,142
Maison Bangkok,3.5,6
 Mama Mia 44sw,4.0,281
 Rice 'N' Beans,4.5,172
 Smithfield Hall,4.5,121
 dell'anima,4.5,176
 MEXiCUE,4.0,146
Famous Amadeus Pizza,4.0,44
ICHIRAN Times Square,4.5,59
 Tuscany Steakhouse,4.5,103
 Westville West,4.5,173
 Pergola Des Artistes,4.0,352
 Tacombi,4.0,172
 Wine 30,4.5,214
Quality Bistro,4.5,30
 Salon de Ning ROOFTOP,4.0,305
 Lil' Frankie's,4.0,220
 Pera Soho,4.0,274
 Friedman's,4.5,140
 Patiala Indian Grill,4.5,102
LandShark Bar & Grill - Times Square,5.0,4
 Root & Bone,4.0,207
 Olive Garden Italian Restaurant,4.0,4501
 Covina,4.5,147
 The Wild Son,4.5,61
 Speedy Deli,4.5,184
Margaritaville Restaurant- Times Square,3.5,12
 Iguana New York,4.0,560
 Blue Note,4.0,1368
 Harney & Sons Soho,4.5,110
 Trattoria Bianca,4.0,299
 Charlie Palmer Steak NYC,4.0,258
Quality Italian,4.0,833
 ONE Dine,4.0,278
 Sal's Little Italy,4.0,288
 Isle of Capri,4.5,229
 Blarney Rock Pub,4.5,225
 La Boite en Bois,4.0,262
Quality Meats,4.5,2378
 Petit Poulet,4.0,388
 Don Filippo Restaurant,4.5,105
 Theatre Row Diner,4.0,490
 Sauce & Barrel,4.0,140
 Deep Indian Kitchen,4.5,128
5 o'Clock Somewhere Bar,4.0,4
Margaritaville Restaurant- Times Square,3.5,12
 The View Restaurant & Lounge,4.0,5698
 Brasserie Cognac,4.0,576
 Boqueria,4.0,150
 Old Town Bar,4.0,179
 Woorijip,4.0,179
Quality Italian,4.0,833
 Madison & Vine,4.0,537
 I Sodi,4.5,212
 Darbar,4.0,328
 Peking Duck House,4.0,719
 GMT Tavern,4.5,192
Piccola Cucina Osteria,4.5,2579
 Scallywags Irish Pub and Restaurant,4.5,225
 Extra Virgin,4.0,343
 Cask Bar + Kitchen,4.5,136
 Harlem Tavern,4.0,374
 Kefi,4.0,416
LandShark Bar & Grill - Times Square,5.0,4
 Bobby Van's Steak House,4.0,253
 Deux AMIS,4.5,144
 the Junction,4.5,112
 Hendriks,4.0,194
 Barbalu Restaurant,4.5,155
Quality Bistro,4.5,30
 Cha Pa's Noodles & Grill,4.5,145
 Buddha Bodai Kosher Vegetarian Restaurant,4.5,177
 Izakaya NoMad,4.5,98
 Reichenbach Hall,4.0,387
 Empellon Taqueria,4.0,200
5 o'Clock Somewhere Bar,4.0,4
 The Churchill,4.5,134
 Pax Wholesome Foods,4.0,247
 The Breslin,4.0,756
 Clyde Frazier's Wine and Dine,4.0,209
 Villa Mosconi,4.5,200
Quality Meats,4.5,2378
LandShark Bar & Grill - Times Square,5.0,4
 Il caffe latte,4.5,116
 The Bar Downstairs and Kitchen,4.0,232
 Dos Caminos,4.0,678
 Rattle and Hum,4.0,204
 Cibo e Vino,4.0,160
Quality Italian,4.0,833
 Serafina Broadway,4.0,1697
 Taverna di Bacco,4.5,143
 Mokbar,4.5,136
 La Parisienne,4.5,82
 Walker's,4.5,145
Quality Bistro,4.5,30
 Shuka,4.5,103
 Mike's Bistro,4.5,181
 The Ribbon,4.0,265
 Le Bilboquet,4.0,377
 Da Nico Ristorante-Manhattan Location,4.0,1125
Margaritaville Restaurant- Times Square,3.5,12
 Harry's Italian Pizza Bar,4.0,364
 Thai Market,4.5,172
 D.J. Reynolds,4.0,204
 Patsy's Pizzeria,4.0,236
 DeGrezia Ristorante,4.5,163
5 o'Clock Somewhere Bar,4.0,4
 Grimaldi's,4.0,474
 TBar,4.5,135
 Hummus Kitchen,4.0,161
 Tacuba Hell's Kitchen Cantina Mexicana,4.0,203
 Peacefood Cafe,4.5,107
Quality Meats,4.5,2378
 Sotto 13,4.5,132
 Lusardi's Restaurant,4.5,141
 Metro Grill,4.0,327
 Legends New York City,4.0,343
 Angelo's Pizza,4.0,658
Piccola Cucina Osteria,4.5,2579
Piccola Cucina Osteria,4.5,2579
 PJ Carney's,4.0,206
 Bar Italia,4.0,271
 Da Gennaro Restaurant,4.0,1510
 Daniela Trattoria,4.0,1113
 Dos Caminos,4.0,678
Margaritaville Restaurant- Times Square,3.5,12
 Molly's Pub & Restaurant,4.5,220
 Barn Joo,4.0,169
 Gnocco,4.5,203
 El Parador Cafe,4.5,214
 The Flatiron Room,4.5,181
Quality Bistro,4.5,30
 The Flame Diner,4.0,184
 Don Giovanni Ristorante,4.0,255
 Blue Ribbon Federal Grill,4.5,70
 Indochine,4.0,365
 Patsy's Pizza,4.0,277
5 o'Clock Somewhere Bar,4.0,4
 Tim Ho Wan East Village,4.0,200
 STK Steakhouse,4.0,905
 Patsy's Pizza--74th Street,4.0,318
 Novita,4.0,203
 Valhalla,4.5,112
LandShark Bar & Grill - Times Square,5.0,4
 The National Bar & Dining Rooms,4.0,1069
 Haven Rooftop,4.0,796
 Artichoke Basille's Pizza,4.5,139
 Bella Blu,4.0,281
 Nai Tapas Bar,4.5,120
Maison Bangkok,3.5,6
 Da Umberto,4.5,175
 The Mercer Kitchen,4.0,1504
 Lillie's Victorian Establishment,4.5,168
 Five Senses,4.0,166
 Tavern on Jane,4.5,142
Quality Meats,4.5,2378
LandShark Bar & Grill - Times Square,5.0,4
 Mangia 57th Street,4.0,203
 Sant Ambroeus,4.5,113
 Khe-Yo,4.0,180
 Sofia Wine Bar and Cafe,4.5,124
 Famous Famiglia,4.0,158
ICHIRAN Times Square,4.5,59
 Bombay Grill House,4.5,125
 La Pizza,4.5,163
 Fairway Cafe,4.0,324
 Citizens Of Chelsea,4.5,98
 Applejack Diner,4.0,1089
5 o'Clock Somewhere Bar,4.0,4
 Maison Kayser,4.0,242
 Paul's on Times Square,4.0,221
 Bowery Meat Company,4.0,204
 Empellon,4.0,162
 Rare Chelsea,4.0,404
Quality Bistro,4.5,30
 Le Pain Quotidien,4.0,244
 The Campbell,4.0,254
 Ryan Maguire's Bar & Restaurant,4.5,113
 Luanne's Wild Ginger,4.5,143
 Ajisen Ramen,4.0,173
Piccola Cucina Osteria,4.5,2579
 Houndstooth Pub,4.0,520
 Babbalucci,4.5,117
 Heidelberg Restaurant,4.0,288
 Tom's Restaurant,4.0,649
 Gradisca,4.5,163
Quality Italian,4.0,833
 Kashkaval,4.5,156
 B Squared,4.5,106
 Excuse My French,5.0,64
 Patsy's Pizzeria,4.0,248
 Luna Piena Ristorante,4.5,287
Famous Amadeus Pizza,4.0,44
LandShark Bar & Grill - Times Square,5.0,4
 O'Reilly's Pub & Restaurant,4.0,216
 Hard Rock Cafe,4.0,9154
 Blackwell's Pub and Restaurant,4.5,145
 Totto Ramen,4.5,164
 Laut,4.0,235
Piccola Cucina Osteria,4.5,2579
 Top Hops,4.5,103
 Giano Restaurant,4.5,101
 Tartine,4.0,214
 Indian Project,4.5,160
 Nyonya,4.0,344
5 o'Clock Somewhere Bar,4.0,4
 Saar Indian Bistro,4.5,69
 Dallas BBQ,4.0,515
 Osamil,4.5,64
 Pescatore,4.0,256
 Il Mulino New York - Uptown,4.0,282
Quality Bistro,4.5,30
 Le Zie,4.0,158
 White Oak Tavern,4.5,121
 Palace Restaurant,4.0,216
 Cacio e Vino,4.5,152
 Lavagna,4.5,157
Margaritaville Restaurant- Times Square,3.5,12
 Taverna Kyclades East Village,4.5,167
 Flor De Mayo Restaurant,4.0,171
 Chimichurri Grill,4.0,288
 Pepe Rosso Social,4.5,148
 Starbucks,4.0,289
Quality Italian,4.0,833
 B&H Dairy,4.5,95
 Smith's Bar and Restaurant,4.0,972
 Balvanera,4.5,90
 Mamasita Bar & Grill,4.5,191
 Don't Tell Mama,4.0,357
Famous Amadeus Pizza,4.0,44
Piccola Cucina Osteria,4.5,2579
 Hummus and Pita Co,4.5,113
 Perilla,4.5,203
 Ortzi NYC,4.5,118
 L'ybane,4.0,262
 Angel's Share,4.5,102
LandShark Bar & Grill - Times Square,5.0,4
 Alfie's,4.5,127
 The Brazen Tavern,4.5,91
 Ping's,4.0,297
 Sabai Thai Restaurant,4.5,68
 94 Corner Cafe,4.0,163
Margaritaville Restaurant- Times Square,3.5,12
 Pasta Lovers,4.0,625
 Zio Ristorante,4.5,139
 EN Japanese Brasserie,4.0,328
 Rahi,4.5,83
 Ca Va Todd English,4.0,383
Maison Bangkok,3.5,6
 Z Grill,4.5,104
 Mas (farmhouse),4.5,241
 Rosie's,4.5,126
 Boulton & Watt,4.5,106
 Teddy's Bar and Grill,4.5,97
Quality Italian,4.0,833
 Perrine,4.5,108
 San Marino Ristorante soho,4.5,103
 Maya,4.0,238
 Thursday Kitchen,4.5,63
 Maison Kayser UWS,4.0,221
Quality Bistro,4.5,30
 Little Italy Pizza,4.0,177
 House of Lasagna,4.0,410
 Ulivo,4.5,133
 BoCaphe,4.5,106
 Il Violino,4.0,290
Quality Meats,4.5,2378
Piccola Cucina Osteria,4.5,2579
 Eats,4.0,189
 Il Cantinori,4.5,202
 La Piccola Cucina,4.5,73
 Waverly Diner,4.0,291
 Cafe 28,4.0,217
Quality Meats,4.5,2378
 Shanghai Cafe,4.0,305
 Cowgirl,4.0,265
 Gallow Green,4.0,289
 Macao Trading Company,4.0,219
 Reserve Cut at The Setai,4.5,185
Margaritaville Restaurant- Times Square,3.5,12
 Vapiano,4.0,332
 Star on 18,4.5,129
 Chola,4.0,226
 Mamo Restaurant,4.5,170
 Brass Monkey,4.0,241
LandShark Bar & Grill - Times Square,5.0,4
 Sevilla Restaurant & Bar,4.0,353
 Coco & Cru,4.5,114
 Bill's Townhouse,4.5,145
 I Trulli,4.0,271
 L'Express,4.0,279
5 o'Clock Somewhere Bar,4.0,4
 Bobo,4.0,196
 Bodega Negra,4.0,229
 Carroll Place,4.5,157
 Megu,4.5,141
 Wah Fung Fast Food,4.5,60
Maison Bangkok,3.5,6
 Le Pain Quotidien,4.0,221
 Scruffy Duffys,4.5,73
 Corner Social,4.0,200
 Chipotle Mexican Grill,4.0,245
 McGee's Pub & Restaurant,4.0,1113
Famous Amadeus Pizza,4.0,44
Famous Amadeus Pizza,4.0,44
 Mudville9,4.0,183
 Bistro Vendome,4.5,128
 Jules Bistro,4.0,201
 Lazzara's Pizza Cafe,4.0,210
 Bustan NYC,4.0,159
LandShark Bar & Grill - Times Square,5.0,4
 Akdeniz,4.0,152
 IPPUDO 5TH AVENUE,4.5,87
 Caliente Cab,4.0,289
 Hudson Clearwater,4.0,206
 Brunetti Pizza,4.5,129
Quality Bistro,4.5,30
 Radio City Pizza,4.5,119
 Barbetta,4.0,538
 Antonucci Cafe,4.5,147
 Cafe Katja,4.5,113
 Mermaid Inn,4.0,208
Margaritaville Restaurant- Times Square,3.5,12
 El Quijote,4.0,303
 Toloache,4.5,119
 Wonton Noodle Garden,4.0,187
 Thaimee Table,4.5,148
 Raines Law Room,4.5,189
Quality Italian,4.0,833
 The Pickle Guys,4.5,101
 Old Homestead Steakhouse,4.0,1193
 Playwright Tavern & Restaurant,4.0,371
 Balade,4.5,172
 Lallisse Mediterranean Wine & Food,4.5,122
ICHIRAN Times Square,4.5,59
 California Pizza Kitchen,4.0,241
 Seasoned Vegan,4.5,109
 Byblos Restaurant,4.5,150
 Galli,4.0,245
 Hole In The Wall,4.5,88
Piccola Cucina Osteria,4.5,2579
LandShark Bar & Grill - Times Square,5.0,4
 Frankie & Johnnie's Steakhouse,4.0,619
 Outback Steakhouse,4.0,527
 The Strand Bistro,4.5,196
 Bryant Park Cafe,4.0,266
 The Horny Ram,4.5,60
Maison Bangkok,3.5,6
 The Palm Court,4.0,1213
 Salinas,4.0,269
 Whole Foods Market,4.5,126
 Table D'Hote,4.5,100
 Dallas BBQ Times Square,4.0,3615
Quality Meats,4.5,2378
 Benny's Burritos,4.0,169
 Sant Ambroeus,4.0,221
 Caravaggio Restaurant,4.5,209
 Milon Restaurant,4.0,221
 Timna,4.5,71
Quality Bistro,4.5,30
 Hu Kitchen,4.5,200
 Orsay,4.0,354
 View Of The World,4.5,118
 Pearl Street Diner,4.0,269
 Mercado Little Spain,4.0,235
Famous Amadeus Pizza,4.0,44
 Public,4.0,431
 EuroPan Cafe,4.0,317
 Hwa Yuan,4.5,77
 Neapolitan Express,4.5,110
 Arco Cafe,4.5,164
Piccola Cucina Osteria,4.5,2579
 Dunhill Cafe & Caterers,4.0,135
 Emmett's,4.5,104
 Ricardo Steakhouse,4.5,140
 Bareburger - Columbus Circle,4.5,103
 Urban Vegan Kitchen,4.5,58
Margaritaville Restaurant- Times Square,3.5,12
Margaritaville Restaurant- Times Square,3.5,12
 Pizzeria Sirenetta,4.5,81
 Speedy's Fresh Food Cafe,4.0,168
 Tavern 29,4.0,179
 Ivy,4.0,172
 810 Deli Incorporated,4.0,401
Piccola Cucina Osteria,4.5,2579
 Murphy's Tavern,4.0,175
 A Pasta Bar,4.5,131
 Good Stuff Diner,4.0,179
 Society Cafe,4.5,68
 Cafe Europa,4.0,380
LandShark Bar & Grill - Times Square,5.0,4
 The East Pole,4.0,184
 Meme Mediterranean,4.5,156
 Ravagh Persian Grill,4.0,171
 Bocca Di Bacco,4.0,138
 Gabby O'Hara's,4.5,120
Quality Bistro,4.5,30
 Vai,4.5,140
 Vietnaam Restaurant,4.0,111
 Gyu-Kaku Japanese BBQ,4.0,278
 Lokal Mediterranean kitchen,4.5,86
 The Pembroke Room,4.5,95
5 o'Clock Somewhere Bar,4.0,4
 Fish Cheeks,4.5,58
 Le Pain Quotidien,4.0,228
 Lilly's craft and kitchen,4.0,121
 Ali Baba Turkish Cuisine,4.0,264
 Petrossian Boutique & Cafe,4.5,173
Quality Meats,4.5,2378
 Tribeca Bagels,4.5,100
 Famiglia Pizzeria,4.0,164
 Mulligan's Pub,4.0,209
 Tick Tock Diner NY,4.0,3947
 Freds Madison Avenue,4.0,311
Quality Italian,4.0,833
Quality Bistro,4.5,30
 Sake Bar Hagi,4.0,252
 Le Marais,4.0,552
 biricchino,4.0,173
 San Matteo Pizzeria e Cucina,4.5,118
 ABCV,4.5,88
Quality Italian,4.0,833
 The Bao,4.0,126
 SuteiShi,4.5,131
 Broadstone Bar & Kitchen,4.0,132
 Jeffrey's Grocery,4.5,159
 Gino Sorbillo Pizzeria,4.0,159
LandShark Bar & Grill - Times Square,5.0,4
 Nomad Restaurant,4.0,173
 Majorelle,4.5,76
 The Grill,4.0,149
 Mr. Taka Ramen,4.5,82
 Pig 'N' Whistle Public House,4.0,219
Quality Meats,4.5,2378
 Qi Thai Comfort Food,4.0,254
 Pig 'N' Whistle On 36th,4.0,192
 Cipriani Dolci,4.0,392
 Ichiumi,4.0,797
 Arabesque,4.5,172
Piccola Cucina Osteria,4.5,2579
 Spunto,4.5,103
 Dos Toros Taqueria,4.5,158
 Little Prince,4.0,178
 Catch NYC,4.0,1679
 John Sullivan's Bar & Grill,4.0,192
Margaritaville Restaurant- Times Square,3.5,12
 Minton's,4.5,144
 Corkbuzz,4.5,119
 Rosario's Pizzeria,4.5,105
 Le Pain Quotidien,4.0,315
 The Pennsy,4.0,174
Famous Amadeus Pizza,4.0,44
Piccola Cucina Osteria,4.5,2579
 Brother Jimmy's BBQ,4.0,252
 The Edge Harlem,4.5,89
 Turkish Cuisine,4.0,256
 Distilled,4.5,135
 Bareburger - Financial District,4.0,145
ICHIRAN Times Square,4.5,59
 Joe Jr,4.5,81
 Tulsi,4.0,232
 JG Melons,4.0,203
 Crave Fishbar Upper West Side,4.5,110
 Bailey Pub and Brasserie,4.0,198
Quality Meats,4.5,2378
 Jin Ramen,4.5,144
 Morton's The Steakhouse,4.0,225
 Hop Kee Restaurant,4.0,321
 Vinateria,4.5,125
 Gabriel's,4.0,236
Margaritaville Restaurant- Times Square,3.5,12
 Vintry Wine and Whiskey,4.5,86
 Barawine,4.0,161
 Barolo East,4.5,55
 456 Shanghai Cuisine,4.0,459
 Serafina Always,4.0,326
LandShark Bar & Grill - Times Square,5.0,4
 Kellogg's NYC,4.5,139
 Amaranth Restaurant,4.0,244
 Cornerstone Cafe,4.5,119
 Simo,5.0,37
 Pasta Eater,4.5,47
Famous Amadeus Pizza,4.0,44
 Elephant & Castle,4.0,172
 Feile,4.0,155
 Souvlaki GR,4.0,181
 Wolf & Lamb Steakhouse,4.0,185
 Racines,4.5,98
Quality Bistro,4.5,30
Quality Bistro,4.5,30
 Claw Daddy’s,4.5,111
 Montebello,4.0,142
 Ruby Tuesday,4.0,2200
 The Meatball Shop - Upper East Side,4.0,152
 Le Pain Quotidien,4.0,255
Quality Italian,4.0,833
 Via Quadronno,4.0,333
 Charlie Bird,4.0,204
 Il Forno,3.5,606
 Croton Reservoir Tavern,4.0,205
 Madame Vo,4.5,64
Margaritaville Restaurant- Times Square,3.5,12
 Dig,4.0,131
 Tiella,4.5,112
 El Pote Espanol,4.5,115
 Le Pain Quotidien,4.0,411
 Obica Mozzarella Bar Pizza e Cucina,4.0,216
5 o'Clock Somewhere Bar,4.0,4
 Jing Fong Restaurant,4.0,670
 The Crosby Bar,4.0,211
 BXL East,4.5,112
 Anassa Taverna,4.0,252
 Bistecca Fiorentina,4.0,230
ICHIRAN Times Square,4.5,59
 Connolly's Pub & Restaurant,4.0,144
 Bohemian,4.5,87
 Pennsylvania 6 NYC,4.0,214
 The Greek Tribeca,4.5,126
 Gee Whiz Diner,4.0,196
LandShark Bar & Grill - Times Square,5.0,4
 Bono Trattoria,4.5,58
 Dan and John's Wings,5.0,39
 Neary's,4.5,117
 Thyme & Tonic,4.0,233
 Bucca Di Beppo,4.0,336
Famous Amadeus Pizza,4.0,44
Piccola Cucina Osteria,4.5,2579
 Randolph's Bar & Lounge,4.0,356
 Jin Ramen Uws,4.5,90
 BLVD Bistro,4.5,120
 Ootoya,4.0,137
 Blue Bar,4.0,197
Quality Bistro,4.5,30
 Bella Vita Pizzeria & Trattoria,4.0,778
 Boqueria,4.0,159
 Mimi's Restaurant,4.0,297
 SakaMai,4.5,75
 Eataly NYC Downtown,4.0,154
5 o'Clock Somewhere Bar,4.0,4
 Spaghetti Incident,4.5,89
 Berimbau Brazilian Kitchen,4.5,131
 Larb Ubol,4.0,139
 The Half Pint,4.0,140
 Bedford & Co.,4.0,187
LandShark Bar & Grill - Times Square,5.0,4
 Ristorante Altesi,4.5,140
 Shrine Bar,4.5,61
 Whole Foods Market,4.5,87
 Oda House,4.5,104
 Oldcastle Pub & Restaurant,4.0,246
Margaritaville Restaurant- Times Square,3.5,12
 Contra,4.5,140
 Amelia's Restaurant,4.0,152
 Times Deli Cafe,4.0,163
 Takashi,4.5,147
 Fumo Harlem,4.5,70
Quality Italian,4.0,833
 Earl's Beer and Cheese,4.5,110
 Ortomare Ristorante Pizzeria,5.0,43
 Delmonico's Kitchen,4.0,216
 Sobaya,4.5,160
 Saravanaa Bhavan,4.0,161
Quality Meats,4.5,2378
ICHIRAN Times Square,4.5,59
 JoJo,4.5,115
 Bella Luna Restaurant,4.0,170
 Trattoria Dante Caffe Dante,4.0,173
 Big Nick's Pizza Joint,4.0,185
 Narcissa,4.0,265
5 o'Clock Somewhere Bar,4.0,4
 Great NY Noodletown,4.0,362
 Sushi Damo Damo,4.0,316
 Vino Levantino,4.5,70
 Papillon Bistro & Bar,4.0,346
 Turntable Chicken Jazz,4.5,79
Quality Bistro,4.5,30
 Bhatti Indian Grill,4.0,223
 Cafe Centro,4.0,229
 Ben & Jack's Steakhouse,4.5,81
 Tre,4.5,112
 Club Macanudo,4.5,124
Quality Meats,4.5,2378
 Highlands,4.5,95
 Meson Sevilla,4.0,352
 Feast,4.5,71
 La Villetta,4.5,106
 Neta,4.5,131
Piccola Cucina Osteria,4.5,2579
 Almanac,4.5,93
 121 Fulton Street Restaurant,4.0,170
 Under The Bridge,4.5,87
 Jean Claude 2,4.5,114
 San Pietro Ristorante,4.0,139
LandShark Bar & Grill - Times Square,5.0,4
 T45 Restaurant,4.0,221
 Posto,4.5,106
 NITTIS,4.5,71
 Terra,4.0,206
 The Smile,4.0,163
Maison Bangkok,3.5,6
Quality Bistro,4.5,30
 Malaparte,4.0,140
 A.O.C. L'aile ou la Cuisse,4.0,355
 Jasper's Taphouse,4.5,90
 Cotenna,4.5,113
 Draught 55,4.5,103
Margaritaville Restaurant- Times Square,3.5,12
 The Drunken Munkey,4.5,118
 Dhaba,4.0,251
 Nusr-Et Steakhouse,4.0,496
 The Russian Tea Room,3.5,1619
 IL Baretto,4.5,72
Quality Italian,4.0,833
 Pegu Club,4.5,75
 Thalassa,4.5,157
 Ulysses,4.0,281
 American Cut Steakhouse Tribeca,4.0,220
 Banter,4.5,58
Piccola Cucina Osteria,4.5,2579
 Blue Seafood Bar,4.5,93
 Dawat Haute Indian Cuisine,4.0,215
 Avant Garden,4.5,90
 El Rio Grande,4.0,199
 Ammos Estiatorio,4.0,284
Quality Meats,4.5,2378
 Gossip Bar & Restaurant,4.0,155
 Nanoosh,4.0,140
 The Waverly Inn and Garden,4.0,325
 Aroy Dee Thai Kitchen,4.5,59
 Essen Slow Fast Food,4.5,82
LandShark Bar & Grill - Times Square,5.0,4
 Broadway Lounge & Terrace,4.0,260
 Little Poland Restaurant,4.5,128
 Kabooz's Bar and Grill,4.0,131
 The Palm - Tribeca,4.0,169
 BH Kitchen & Bar,5.0,38
Famous Amadeus Pizza,4.0,44
Quality Bistro,4.5,30
 La Nacional Restaurant,5.0,42
 Settepani,4.0,142
 Essen Slow Fast Food,4.0,145
 Bobwhite Lunch and Supper Counter,4.5,69
 Madangsui Korean BBQ Restaurant,4.0,191
ICHIRAN Times Square,4.5,59
 Left Bank,4.5,103
 Roof Garden Cafe and Martini Bar,4.0,139
 L'Appart,5.0,43
 Blue Ribbon Sushi Izakaya,4.0,133
 The Flying Cock,4.5,66
Piccola Cucina Osteria,4.5,2579
 The Malt House,4.0,134
 Giuseppe's Pizza,4.5,82
 Aburiya Kinnosuke,4.0,166
 Keste Pizza & Vino,4.5,71
 Pomodoro,4.0,230
5 o'Clock Somewhere Bar,4.0,4
 Ajisai Japanese Restaurant,4.0,151
 Zengo,4.0,260
 Sala One Nine,4.5,146
 Fedora Restaurant,4.5,120
 Haswell Green,4.5,69
Quality Italian,4.0,833
 Pietro's,4.0,169
 Villard Restaurant,4.0,141
 Ciao Bella,4.5,55
 Gennaro Restaurant,4.0,198
 Le Baratin,4.5,112
LandShark Bar & Grill - Times Square,5.0,4
 Ristorante Grifone,4.5,95
 Mother Burger,4.0,138
 Mel's Burger Bar,4.0,142
 Totto Ramen,4.5,93
 New Amsterdam Burger & Bar,4.5,97
Margaritaville Restaurant- Times Square,3.5,12
5 o'Clock Somewhere Bar,4.0,4
 XO Kitchen,4.0,118
 Yerba Buena,4.5,112
 Bettolona,4.5,91
 Cafe Clover,4.0,103
 Ethos Gallery 51,4.0,263
ICHIRAN Times Square,4.5,59
 Zagara,4.5,84
 The Wheeltapper Pub,4.0,182
 Mezetto,4.5,111
 Hello Deli,4.5,99
 Pastis,4.5,87
Quality Italian,4.0,833
 Crossroads American Kitchen & Bar,4.0,243
 Moti Mahal Delux,4.0,150
 The Water Club,4.0,228
 Noodies Thai Kitchen,4.5,88
 Minca Ramen,4.5,82
Quality Bistro,4.5,30
 Au Bon Pain,4.0,126
 Village Taverna,4.0,139
 Fresh & Co.,4.5,76
 Gruppo,4.5,79
 Sagaponack,4.0,99
Piccola Cucina Osteria,4.5,2579
 Tortaria,4.0,108
 Petrarca Cucina e Vino,4.0,182
 Arte Cafe,4.0,338
 Wayan,4.5,56
 Tabata Noodle,4.0,142
Quality Meats,4.5,2378
 Death & Co,4.0,212
 Sombrero Mexican,3.5,539
 Bodhi Kosher Vegan Sushi & Dim Sum Restaurant,4.5,78
 BV's Burger,3.5,471
 Oiji,4.5,67
LandShark Bar & Grill - Times Square,5.0,4
Piccola Cucina Osteria,4.5,2579
 Agave,4.0,212
 Dylan's Candy Bar,4.0,273
 El Porron,4.0,138
 Sauce,4.0,196
 Cafe Europa - Sixth Ave,4.0,189
Quality Bistro,4.5,30
 Brandy Library,4.5,124
 Aria Wine Bar,4.0,203
 Bonchon Chicken - NYC 32nd St.,4.0,192
 Chef Pam Real Thai,4.5,127
 Hakubai,4.5,79
ICHIRAN Times Square,4.5,59
 Hampton Chutney Co.,4.5,95
 Hummus Kitchen,4.5,71
 Turco Mediterranean/Turkish Grill,4.0,114
 Grey Bar & Restaurant,4.5,60
 Nha Trang One,4.0,158
Margaritaville Restaurant- Times Square,3.5,12
 Chef's Table To,4.5,77
 Till & Sprocket,4.5,60
 District Social,4.0,120
 Dark Horse,4.5,96
 Gleason's Tavern,4.0,143
LandShark Bar & Grill - Times Square,5.0,4
 Delmonico NYC,4.5,65
 Hell's Chicken,4.5,65
 Sala Thai,4.5,46
 Adoro Lei,4.5,73
 Spitzer's Corner,4.0,123
Quality Meats,4.5,2378
 Angus Club Steakhouse,4.5,124
 Avena,4.5,60
 Frying Pan NYC,4.0,191
 The Grey Dog (West Village),4.5,62
 La Goulue Restaurant,4.5,109
Maison Bangkok,3.5,6
Quality Bistro,4.5,30
 Market Crates,4.5,49
 Yatenga French Bistro and Bar,4.5,75
 Volare,4.5,96
 Trattoria Belvedere,4.0,214
 Chez Napoleon,4.0,266
Margaritaville Restaurant- Times Square,3.5,12
 Bread & Butter,4.0,162
 Marlow Bistro,4.5,81
 Hale and Hearty Soup,4.5,76
 Onieal's Restaurant,4.0,123
 Allora Ristorante,4.0,142
LandShark Bar & Grill - Times Square,5.0,4
 Sojourn,4.5,112
 Troquet,4.5,69
 Cipriani Downtown,4.0,536
 Hanjan,4.5,88
 Beatnic - Rock Center,4.5,95
Piccola Cucina Osteria,4.5,2579
 Union Square Burger,4.5,78
 Rasa,4.0,96
 Japonica,4.5,134
 The Quarter,4.5,116
 Tacombi - Flatiron,4.5,66
5 o'Clock Somewhere Bar,4.0,4
 Trestle on Tenth,4.0,170
 Broadway Deli and Cafe,4.0,109
 Anytime,5.0,42
 Hale and Hearty Soups -- 56th Street,4.5,81
 Panineria,4.5,54
Famous Amadeus Pizza,4.0,44
 El Malecon Restaurant,4.0,102
 Au Cheval,4.5,67
 Frank,4.0,165
 RH Rooftop Restaurant New York,4.0,94
 Cafe Select,4.0,179
Quality Italian,4.0,833
Maison Bangkok,3.5,6
 The Garden at The Four Seasons,4.5,129
 Ihop,4.0,186
 Nam Son Vietnamese Restaurant,4.0,126
 Barrio Chino,4.0,138
 The Butcher's Daughter,4.0,88
Piccola Cucina Osteria,4.5,2579
 San Marzano,4.5,101
 Socarrat Paella Bar- Chelsea,4.0,221
 Pippali,4.0,122
 The Cecil Restaurant,4.0,206
 Hold Fast,4.5,38
Quality Italian,4.0,833
 Washington Square Diner,4.0,154
 SUGARFISH by sushi nozawa,4.5,111
 Jeremy's Ale House,4.5,122
 Sushi of Gari,4.0,261
 Cafe Altro Paradiso,4.0,102
LandShark Bar & Grill - Times Square,5.0,4
 Flora Bar,4.0,149
 St. James Gate,4.5,74
 Sukhumvit 51,4.5,114
 Cafe Eighty Two,4.0,138
 2nd Avenue Deli and 2nd Floor Bar & Essen,4.0,148
Quality Bistro,4.5,30
 Bar Ciccio Alimentari,4.5,89
 Masa,4.0,286
 Stone Street Tavern,4.0,181
 Lucky Strike Manhattan,4.0,173
 Soba Noodle Azuma,4.5,56
Quality Meats,4.5,2378
 Molly Wee Pub,4.0,215
 Han Dynasty,4.0,124
 Black Sushi,4.5,98
 Eat Here Now,4.0,227
 Fiaschetteria Pistoia,4.5,56
Famous Amadeus Pizza,4.0,44
Maison Bangkok,3.5,6
 The Garden at The Four Seasons,4.5,129
 Ihop,4.0,186
 Nam Son Vietnamese Restaurant,4.0,126
 Barrio Chino,4.0,138
 The Butcher's Daughter,4.0,88
Piccola Cucina Osteria,4.5,2579
 San Marzano,4.5,101
 Socarrat Paella Bar- Chelsea,4.0,221
 Pippali,4.0,122
 The Cecil Restaurant,4.0,206
 Hold Fast,4.5,38
Quality Italian,4.0,833
 Washington Square Diner,4.0,154
 SUGARFISH by sushi nozawa,4.5,111
 Jeremy's Ale House,4.5,122
 Sushi of Gari,4.0,261
 Cafe Altro Paradiso,4.0,102
LandShark Bar & Grill - Times Square,5.0,4
 Flora Bar,4.0,149
 St. James Gate,4.5,74
 Sukhumvit 51,4.5,114
 Cafe Eighty Two,4.0,138
 2nd Avenue Deli and 2nd Floor Bar & Essen,4.0,148
Quality Bistro,4.5,30
 Bar Ciccio Alimentari,4.5,89
 Masa,4.0,286
 Stone Street Tavern,4.0,181
 Lucky Strike Manhattan,4.0,173
 Soba Noodle Azuma,4.5,56
Quality Meats,4.5,2378
 Molly Wee Pub,4.0,215
 Han Dynasty,4.0,124
 Black Sushi,4.5,98
 Eat Here Now,4.0,227
 Fiaschetteria Pistoia,4.5,56
Famous Amadeus Pizza,4.0,44
